channel_id,candidate,candidate_url,angle,landing_url,rule_checked,permission,published_url,published_at,target_visits,genuine_inquiries,confirmed_buyers,comparison_delivered,notes
51service,51购车服务分类,https://www.51.ca/service/categories/auto-dealer-agent-services,A,https://warren-vehicle-finder.onrender.com/compare?source=51&utm_source=51&utm_medium=community&utm_campaign=budget_pilot_20261009&utm_content=A_51service,,NOT_VERIFIED,,,,,,,准备阶段，未发布；UTM不证明平台推荐
51service,51购车服务分类,https://www.51.ca/service/categories/auto-dealer-agent-services,B,https://warren-vehicle-finder.onrender.com/compare?source=51&utm_source=51&utm_medium=community&utm_campaign=budget_pilot_20261009&utm_content=B_51service,,NOT_VERIFIED,,,,,,,准备阶段，未发布；UTM不证明平台推荐
yorkbbs,约克论坛,https://car.yorkbbs.ca/list/used,A,https://warren-vehicle-finder.onrender.com/compare?source=yorkbbs&utm_source=yorkbbs&utm_medium=community&utm_campaign=budget_pilot_20261009&utm_content=A_yorkbbs,,NOT_VERIFIED,,,,,,,准备阶段，未发布；UTM不证明平台推荐
yorkbbs,约克论坛,https://car.yorkbbs.ca/list/used,B,https://warren-vehicle-finder.onrender.com/compare?source=yorkbbs&utm_source=yorkbbs&utm_medium=community&utm_campaign=budget_pilot_20261009&utm_content=B_yorkbbs,,NOT_VERIFIED,,,,,,,准备阶段，未发布；UTM不证明平台推荐
facebook_newintoronto,New in Toronto,https://www.facebook.com/groups/newcomersintoronto/,A,https://warren-vehicle-finder.onrender.com/compare?source=facebook&utm_source=facebook&utm_medium=community&utm_campaign=budget_pilot_20261009&utm_content=A_facebook_newintoronto,,NOT_VERIFIED,,,,,,,准备阶段，未发布；UTM不证明平台推荐
facebook_newintoronto,New in Toronto,https://www.facebook.com/groups/newcomersintoronto/,B,https://warren-vehicle-finder.onrender.com/compare?source=facebook&utm_source=facebook&utm_medium=community&utm_campaign=budget_pilot_20261009&utm_content=B_facebook_newintoronto,,NOT_VERIFIED,,,,,,,准备阶段，未发布；UTM不证明平台推荐
facebook_torontonewcomers,Toronto Newcomers,https://www.facebook.com/groups/767671360107778/,A,https://warren-vehicle-finder.onrender.com/compare?source=facebook&utm_source=facebook&utm_medium=community&utm_campaign=budget_pilot_20261009&utm_content=A_facebook_torontonewcomers,,NOT_VERIFIED,,,,,,,准备阶段，未发布；UTM不证明平台推荐
facebook_torontonewcomers,Toronto Newcomers,https://www.facebook.com/groups/767671360107778/,B,https://warren-vehicle-finder.onrender.com/compare?source=facebook&utm_source=facebook&utm_medium=community&utm_campaign=budget_pilot_20261009&utm_content=B_facebook_torontonewcomers,,NOT_VERIFIED,,,,,,,准备阶段，未发布；UTM不证明平台推荐
wechat_local,获准本地微信群,待核实,A,https://warren-vehicle-finder.onrender.com/compare?source=wechat&utm_source=wechat&utm_medium=community&utm_campaign=budget_pilot_20261009&utm_content=A_wechat_local,,NOT_VERIFIED,,,,,,,准备阶段，未发布；UTM不证明平台推荐
wechat_local,获准本地微信群,待核实,B,https://warren-vehicle-finder.onrender.com/compare?source=wechat&utm_source=wechat&utm_medium=community&utm_campaign=budget_pilot_20261009&utm_content=B_wechat_local,,NOT_VERIFIED,,,,,,,准备阶段，未发布；UTM不证明平台推荐
partner_driving,驾校合作入口,https://www.51.ca/service/,A,https://warren-vehicle-finder.onrender.com/compare?source=partner&utm_source=partner&utm_medium=community&utm_campaign=budget_pilot_20261009&utm_content=A_partner_driving,,NOT_VERIFIED,,,,,,,准备阶段，未发布；UTM不证明平台推荐
partner_driving,驾校合作入口,https://www.51.ca/service/,B,https://warren-vehicle-finder.onrender.com/compare?source=partner&utm_source=partner&utm_medium=community&utm_campaign=budget_pilot_20261009&utm_content=B_partner_driving,,NOT_VERIFIED,,,,,,,准备阶段，未发布；UTM不证明平台推荐
partner_community,社区机构候选,https://acsa.ca/,A,https://warren-vehicle-finder.onrender.com/compare?source=partner&utm_source=partner&utm_medium=community&utm_campaign=budget_pilot_20261009&utm_content=A_partner_community,,NOT_VERIFIED,,,,,,,准备阶段，未发布；UTM不证明平台推荐
partner_community,社区机构候选,https://acsa.ca/,B,https://warren-vehicle-finder.onrender.com/compare?source=partner&utm_source=partner&utm_medium=community&utm_campaign=budget_pilot_20261009&utm_content=B_partner_community,,NOT_VERIFIED,,,,,,,准备阶段，未发布；UTM不证明平台推荐
